Bluezoom;Alimentação
Oozz;Manutenção Geral
Vinte;Manutenção Geral
Babbleopia;Limpeza
InnoZ;Manutenção Geral
Wikivu;Limpeza
Skivee;Manutenção Hidráulica
Wordify;Segurança
Skilith;Manutenção Elétrica
Babbleset;Alimentação
Dabfeed;Manutenção Elétrica
Trudeo;Manutenção Hidráulica
Tagfeed;Manutenção Hidráulica
Gabspot;Manutenção Hidráulica
Bubbletube;Alimentação
Gabvine;Segurança
Quamba;Manutenção Geral
Avavee;Alimentação
Fivespan;Manutenção Elétrica
Aimbu;Alimentação
Midel;Segurança
Izio;Manutenção Hidráulica
Kwinu;Manutenção Elétrica
Dynabox;Manutenção Elétrica
Dabtype;Limpeza
Photobug;Manutenção Hidráulica
Wordpedia;Limpeza
Skimia;Alimentação
Jaxspan;Segurança
Edgeify;Manutenção Elétrica
Dazzlesphere;Segurança
Camimbo;Limpeza
Voolith;Manutenção Hidráulica
Fliptune;Manutenção Geral
Teklist;Alimentação
Divanoodle;Segurança
Tagtune;Alimentação
Dazzlesphere;Limpeza
Oloo;Limpeza
Skipstorm;Manutenção Hidráulica
Eamia;Manutenção Elétrica
Thoughtsphere;Manutenção Geral
Jaxworks;Manutenção Geral
Kwideo;Alimentação
Dynazzy;Manutenção Hidráulica
Eimbee;Limpeza
Pixoboo;Segurança
Tazz;Manutenção Elétrica
Divavu;Segurança
Dynazzy;Segurança
Topdrive;Segurança
Meevee;Alimentação
Mynte;Limpeza
Meeveo;Manutenção Elétrica
Youspan;Segurança
Jabbersphere;Segurança
Jabbersphere;Limpeza
Gevee;Manutenção Elétrica
Jabbersphere;Manutenção Elétrica
Wordpedia;Limpeza
Oyoyo;Segurança
Vidoo;Segurança
Eabox;Manutenção Elétrica
Mynte;Limpeza
Cogibox;Manutenção Hidráulica
Npath;Limpeza
Edgeblab;Segurança
Yambee;Manutenção Hidráulica
Skyvu;Manutenção Elétrica
Meembee;Manutenção Geral
Buzzbean;Manutenção Hidráulica
Zooxo;Manutenção Geral
Ooba;Alimentação
Abatz;Alimentação
Quire;Manutenção Geral
Wordpedia;Segurança
Ainyx;Limpeza
Thoughtmix;Manutenção Geral
Skiba;Segurança
Zooxo;Manutenção Hidráulica
Devify;Limpeza
Quire;Segurança
Dabvine;Alimentação
Edgeblab;Alimentação
Eayo;Manutenção Elétrica
Mudo;Manutenção Geral
Flashspan;Segurança
Mita;Manutenção Elétrica
Topicstorm;Manutenção Elétrica
Zoomcast;Segurança
Dabfeed;Alimentação
Twitterbridge;Manutenção Hidráulica
Zoombox;Manutenção Geral
Skinder;Manutenção Hidráulica
Edgeblab;Limpeza
Skippad;Limpeza
Feedbug;Manutenção Geral
Oyondu;Manutenção Elétrica
Geba;Limpeza
Eare;Alimentação
Gabcube;Segurança
Wordpedia;Segurança
Gabcube;Segurança
Browsedrive;Alimentação
Agivu;Manutenção Elétrica
Zoombeat;Manutenção Elétrica
Skaboo;Alimentação
Roombo;Alimentação
Chatterpoint;Limpeza
Jetwire;Manutenção Hidráulica
Tagpad;Manutenção Hidráulica
Linkbridge;Manutenção Geral
Ainyx;Manutenção Hidráulica
Zoomzone;Segurança
Jaxbean;Manutenção Hidráulica
Cogibox;Manutenção Elétrica
Vinte;Manutenção Geral
Browsezoom;Manutenção Geral
Skyba;Manutenção Elétrica
Feedfish;Segurança
Realbuzz;Manutenção Geral
Mydo;Limpeza
Bubblebox;Manutenção Hidráulica
JumpXS;Manutenção Elétrica
Mydo;Manutenção Geral
Feedspan;Segurança
Linkbridge;Manutenção Hidráulica
Tagtune;Manutenção Elétrica
Rhyloo;Manutenção Hidráulica
Voolith;Manutenção Hidráulica
Voonder;Limpeza
Photofeed;Segurança
Centimia;Manutenção Geral
Topiclounge;Segurança
Skippad;Segurança
Fanoodle;Manutenção Elétrica
Voonyx;Alimentação
Skipstorm;Manutenção Geral
Yamia;Limpeza
Zazio;Manutenção Elétrica
Fadeo;Segurança
Yodo;Segurança
Jaxbean;Manutenção Hidráulica
Edgeblab;Alimentação
Myworks;Manutenção Elétrica
Yacero;Limpeza
Twitterbeat;Manutenção Elétrica
Twinder;Manutenção Hidráulica
Youopia;Limpeza
Ooba;Manutenção Hidráulica
Ntags;Segurança
Gigabox;Limpeza
Yambee;Segurança
Blognation;Manutenção Geral
Jetwire;Manutenção Elétrica
Jabberbean;Manutenção Elétrica
Rhycero;Segurança
Yozio;Alimentação
Flashpoint;Manutenção Hidráulica
Gabtune;Manutenção Geral
Devbug;Limpeza
Gigaclub;Limpeza
Kimia;Alimentação
Feedmix;Manutenção Geral
Katz;Manutenção Elétrica
Meetz;Manutenção Hidráulica
Innojam;Manutenção Hidráulica
Youspan;Limpeza
Fivechat;Segurança
Jazzy;Manutenção Hidráulica
Meetz;Limpeza
Rhyloo;Manutenção Geral
Katz;Manutenção Elétrica
Zoonder;Manutenção Geral
Geba;Manutenção Hidráulica
Bubbletube;Segurança
Oba;Alimentação
Avamba;Segurança
Jetpulse;Manutenção Hidráulica
Vinte;Alimentação
Camimbo;Limpeza
Brainsphere;Manutenção Hidráulica
Gabcube;Manutenção Geral
Gabtune;Manutenção Geral
Skyndu;Manutenção Elétrica
Edgepulse;Manutenção Hidráulica
Jabbersphere;Alimentação
Tazz;Manutenção Geral
Fivechat;Segurança
Zoovu;Limpeza
Wordify;Segurança
Demivee;Alimentação
Twitterlist;Segurança
Yodoo;Manutenção Hidráulica
Flipopia;Limpeza
Youtags;Manutenção Hidráulica
Yabox;Manutenção Hidráulica
Twimbo;Manutenção Geral
Topiczoom;Limpeza
Oyope;Segurança
Trudoo;Manutenção Hidráulica
Pixope;Manutenção Hidráulica
Wikizz;Manutenção Geral
Rhyloo;Segurança
Zazio;Limpeza
Devpulse;Limpeza
Lazzy;Limpeza
Feedfish;Segurança
Devify;Limpeza
Edgepulse;Manutenção Elétrica
Buzzshare;Segurança
Realblab;Manutenção Geral
Eire;Manutenção Elétrica
Digitube;Segurança
Jamia;Manutenção Elétrica
Fliptune;Segurança
Jabberstorm;Manutenção Elétrica
Aivee;Manutenção Elétrica
Shufflebeat;Manutenção Elétrica
Innotype;Manutenção Geral
Aimbu;Alimentação
Tagtune;Limpeza
Rhybox;Manutenção Hidráulica
Livefish;Segurança
Topiczoom;Manutenção Geral
Kayveo;Manutenção Geral
Eayo;Manutenção Geral
Meeveo;Manutenção Hidráulica
Kayveo;Manutenção Hidráulica
Linklinks;Limpeza
Avamm;Segurança
Photolist;Segurança
Riffwire;Manutenção Hidráulica
Voolia;Limpeza
Pixoboo;Manutenção Hidráulica
Shuffledrive;Limpeza
Gabspot;Segurança
Realcube;Manutenção Geral
Jaxnation;Manutenção Geral
Divanoodle;Manutenção Elétrica
Rhycero;Manutenção Geral
Avaveo;Segurança
Flashpoint;Limpeza
Oba;Manutenção Hidráulica
Snaptags;Manutenção Geral
Skipfire;Segurança
Roodel;Manutenção Geral
Riffpath;Segurança
Chatterpoint;Manutenção Hidráulica
Minyx;Alimentação
Kwilith;Segurança
Flashpoint;Manutenção Elétrica
Yamia;Alimentação
Topicstorm;Manutenção Geral
Trupe;Manutenção Hidráulica
Kazio;Manutenção Hidráulica
Meemm;Segurança
Voonder;Segurança
Nlounge;Segurança
Shuffletag;Manutenção Elétrica
Devshare;Segurança
Jamia;Manutenção Geral
Avamm;Manutenção Hidráulica
Centidel;Manutenção Geral
Kamba;Manutenção Elétrica
Yakitri;Manutenção Hidráulica
Shufflester;Manutenção Geral
Skinte;Alimentação
Skinder;Manutenção Elétrica
Gigabox;Limpeza
Riffpath;Alimentação
Yoveo;Alimentação
Bubblebox;Manutenção Elétrica
Dabshots;Manutenção Geral
Oba;Manutenção Elétrica
Yamia;Manutenção Hidráulica
Skyble;Manutenção Geral
Snaptags;Limpeza
Eamia;Manutenção Geral
Skyvu;Segurança
Jabbersphere;Alimentação
Voonder;Segurança
Mydeo;Segurança
Gigashots;Limpeza
Meejo;Segurança
Twinte;Segurança
Meemm;Limpeza
Buzzdog;Alimentação
Mudo;Manutenção Elétrica
Kwideo;Limpeza
Oozz;Alimentação
Photobug;Manutenção Elétrica
Topiclounge;Segurança
Dabfeed;Segurança
Oyoloo;Manutenção Hidráulica
Fiveclub;Segurança
Npath;Limpeza
Trupe;Alimentação
Skiptube;Manutenção Geral
Oloo;Alimentação
Twiyo;Segurança
Tazzy;Alimentação
Thoughtblab;Alimentação
Roomm;Segurança
Brainsphere;Manutenção Hidráulica
Edgepulse;Manutenção Geral
Topdrive;Manutenção Hidráulica
Zooveo;Manutenção Hidráulica
Thoughtsphere;Manutenção Elétrica
Oyoloo;Manutenção Elétrica
Kwimbee;Manutenção Hidráulica
Avamm;Manutenção Geral
Trudeo;Manutenção Hidráulica
Livepath;Manutenção Hidráulica
Voonix;Limpeza
Zoovu;Manutenção Elétrica
Jaxspan;Alimentação
Janyx;Segurança
Livepath;Limpeza
Blogtag;Manutenção Hidráulica
Snaptags;Manutenção Elétrica
Aimbu;Manutenção Geral
Wordware;Manutenção Elétrica
Youfeed;Segurança
Ooba;Manutenção Geral
Midel;Manutenção Elétrica
Meetz;Manutenção Geral
Wordpedia;Limpeza
Minyx;Segurança
Twinte;Limpeza
Kazio;Manutenção Geral
Trudoo;Manutenção Elétrica
Wordtune;Alimentação
Realblab;Limpeza
Photofeed;Manutenção Hidráulica
Bluezoom;Segurança
Kwideo;Manutenção Hidráulica
Katz;Manutenção Geral
Skipstorm;Alimentação
Vipe;Manutenção Elétrica
Devify;Limpeza
Ailane;Limpeza
Realfire;Alimentação
Trudoo;Limpeza
Leenti;Alimentação
Camido;Manutenção Hidráulica
Fadeo;Segurança
Avaveo;Limpeza
Skimia;Segurança
Browsecat;Manutenção Elétrica
Skinix;Manutenção Hidráulica
Brightbean;Manutenção Hidráulica
Izio;Manutenção Geral
Meetz;Manutenção Geral
Gigazoom;Manutenção Geral
Leenti;Manutenção Elétrica
Cogidoo;Limpeza
Oyonder;Manutenção Elétrica
Kaymbo;Manutenção Geral
Flashdog;Manutenção Geral
Tagpad;Manutenção Elétrica
Camido;Segurança
Livepath;Manutenção Geral
Oba;Manutenção Elétrica
Edgewire;Manutenção Geral
Gabcube;Alimentação
Wikizz;Segurança
Tekfly;Manutenção Elétrica
Trupe;Manutenção Elétrica
Plambee;Manutenção Hidráulica
Skivee;Manutenção Geral
Roombo;Manutenção Hidráulica
Rhybox;Manutenção Elétrica
Skynoodle;Manutenção Elétrica
Katz;Manutenção Hidráulica
Topdrive;Manutenção Elétrica
Mynte;Alimentação
Aimbo;Manutenção Geral
Jayo;Limpeza
Meejo;Manutenção Hidráulica
Divanoodle;Segurança
Trudoo;Manutenção Geral
Jabbersphere;Segurança
Babblestorm;Manutenção Elétrica
Centizu;Manutenção Elétrica
Kazu;Manutenção Elétrica
Skivee;Manutenção Geral
Wordware;Limpeza
Yacero;Segurança
Blognation;Manutenção Geral
Zoomcast;Manutenção Elétrica
Fivebridge;Manutenção Elétrica
Wikibox;Segurança
Tagfeed;Manutenção Hidráulica
Topiclounge;Limpeza
Cogilith;Alimentação
Rhyloo;Segurança
Zoombeat;Manutenção Geral
Skyvu;Alimentação
Devshare;Alimentação
Photolist;Manutenção Geral
Fatz;Segurança
Geba;Segurança
Shuffletag;Segurança
Skaboo;Segurança
Voonyx;Limpeza
Kanoodle;Manutenção Hidráulica
Voomm;Limpeza
Ntags;Manutenção Hidráulica
Jayo;Segurança
Aimbu;Manutenção Hidráulica
Dabjam;Alimentação
Devpulse;Manutenção Hidráulica
Jabberstorm;Segurança
Tazz;Limpeza
Linkbridge;Manutenção Elétrica
InnoZ;Alimentação
Shuffletag;Segurança
Eare;Limpeza
Flashspan;Manutenção Elétrica
Quatz;Manutenção Hidráulica
Linkbuzz;Segurança
Youtags;Manutenção Geral
Skaboo;Manutenção Geral
Lazzy;Segurança
Skyble;Segurança
Jabbersphere;Segurança
Gabtune;Segurança
Katz;Alimentação
Skivee;Manutenção Elétrica
Jabberstorm;Manutenção Elétrica
Avamm;Manutenção Hidráulica
Thoughtbeat;Alimentação
Dynabox;Manutenção Hidráulica
Riffwire;Segurança
Realbuzz;Alimentação
Jamia;Alimentação
Demizz;Manutenção Elétrica
Eayo;Manutenção Hidráulica
Edgepulse;Segurança
Jabbercube;Alimentação
Voomm;Segurança
Yombu;Manutenção Hidráulica
Kaymbo;Limpeza
Devify;Manutenção Elétrica
Topicstorm;Manutenção Geral
Youtags;Alimentação
Aivee;Manutenção Geral
Browsebug;Manutenção Hidráulica
Lazz;Alimentação
Livepath;Limpeza
Photobug;Manutenção Geral
Teklist;Manutenção Hidráulica
Avavee;Manutenção Hidráulica
Gabspot;Manutenção Elétrica
Tagfeed;Alimentação
Quatz;Manutenção Hidráulica
Kwinu;Alimentação
Centidel;Limpeza
Fadeo;Alimentação
Jaxbean;Manutenção Geral
Zoomlounge;Limpeza
Topicblab;Segurança
Tekfly;Manutenção Elétrica
Thoughtworks;Manutenção Elétrica
Feedmix;Manutenção Hidráulica
Oodoo;Manutenção Elétrica
Meezzy;Alimentação
Twiyo;Alimentação
Gevee;Manutenção Elétrica
JumpXS;Manutenção Elétrica
Trudeo;Manutenção Geral
Riffwire;Segurança
Jetpulse;Manutenção Hidráulica
Bluezoom;Segurança
Oba;Manutenção Hidráulica
Midel;Manutenção Elétrica
Trudoo;Manutenção Geral
InnoZ;Manutenção Geral
Aibox;Alimentação
Skidoo;Manutenção Geral
Trunyx;Segurança
Chatterbridge;Manutenção Hidráulica
Mita;Alimentação
Zoombox;Manutenção Hidráulica
Jabbertype;Alimentação
Wordware;Manutenção Geral
Cogidoo;Segurança
Brightbean;Manutenção Elétrica
Quinu;Limpeza
Quinu;Segurança
Kwilith;Manutenção Hidráulica
Twitterlist;Segurança
Edgeify;Manutenção Hidráulica
Mudo;Alimentação
Pixope;Segurança
Chatterbridge;Segurança
Voomm;Manutenção Hidráulica
Demizz;Segurança
Abata;Alimentação
Aimbo;Manutenção Geral
Quamba;Manutenção Elétrica
Twitterlist;Manutenção Geral
Tazz;Limpeza
Flipopia;Alimentação
Gigazoom;Manutenção Elétrica
Zoomzone;Segurança
Agimba;Manutenção Elétrica
Leexo;Manutenção Geral
Jabbersphere;Limpeza
Jazzy;Segurança
Twitterwire;Limpeza
Yata;Manutenção Hidráulica
Skiba;Limpeza
Eamia;Manutenção Geral
Topdrive;Alimentação
Snaptags;Manutenção Elétrica
Twimm;Limpeza
Feedspan;Manutenção Elétrica
Trilith;Manutenção Elétrica
Topicshots;Alimentação
Skyba;Alimentação
Innojam;Manutenção Elétrica
Babbleblab;Manutenção Elétrica
Jatri;Manutenção Geral
Rhynyx;Manutenção Elétrica
Bluejam;Segurança
Voomm;Alimentação
Gabtype;Manutenção Elétrica
Topicblab;Manutenção Hidráulica
Riffwire;Segurança
Snaptags;Alimentação
Tanoodle;Manutenção Elétrica
Agivu;Alimentação
Mydeo;Manutenção Hidráulica
Jaxspan;Alimentação
Fivebridge;Manutenção Hidráulica
Gigazoom;Segurança
Photolist;Segurança
Yambee;Manutenção Geral
Shufflebeat;Manutenção Elétrica
Zooveo;Manutenção Hidráulica
Yodoo;Alimentação
Kayveo;Manutenção Hidráulica
Devify;Alimentação
Riffpath;Manutenção Elétrica
Dynava;Manutenção Geral
Flipbug;Alimentação
Realblab;Manutenção Geral
Thoughtstorm;Manutenção Geral
Wordify;Limpeza
Youopia;Manutenção Elétrica
Oozz;Manutenção Hidráulica
Devshare;Manutenção Hidráulica
Skinte;Manutenção Hidráulica
Photobean;Manutenção Elétrica
Skiptube;Alimentação
Realbuzz;Manutenção Geral
Vitz;Alimentação
Fatz;Manutenção Geral
Viva;Segurança
Shuffletag;Manutenção Hidráulica
Thoughtblab;Alimentação
Linktype;Segurança
Thoughtbeat;Limpeza
Dabtype;Alimentação
Mycat;Segurança
Vinder;Manutenção Geral
Fatz;Manutenção Hidráulica
Kare;Manutenção Elétrica
Blogtags;Manutenção Elétrica
Dynabox;Segurança
Kwilith;Limpeza
Trupe;Segurança
Eadel;Alimentação
Yakidoo;Limpeza
Tazz;Alimentação
Kamba;Manutenção Elétrica
Brightdog;Manutenção Geral
Dynava;Segurança
Livefish;Manutenção Geral
Flipbug;Manutenção Elétrica
Browsecat;Segurança
Jabbersphere;Limpeza
Oyoba;Manutenção Geral
Quinu;Manutenção Elétrica
Trunyx;Alimentação
Voonte;Segurança
Rhycero;Alimentação
Ntag;Segurança
Jetwire;Manutenção Geral
Gigabox;Manutenção Hidráulica
Skynoodle;Manutenção Elétrica
Gigashots;Alimentação
Centizu;Manutenção Geral
Kazu;Alimentação
Oyope;Alimentação
Roomm;Segurança
Wikizz;Limpeza
Twitterbeat;Limpeza
Flipstorm;Manutenção Elétrica
Skajo;Segurança
Skipfire;Manutenção Elétrica
Livepath;Limpeza
Devpoint;Limpeza
Yodel;Manutenção Elétrica
Twimm;Alimentação
Rooxo;Limpeza
Kwinu;Manutenção Geral
Rhyzio;Segurança
Zooveo;Manutenção Geral
Topicshots;Manutenção Hidráulica
Kaymbo;Segurança
Oba;Alimentação
Kimia;Alimentação
Einti;Manutenção Hidráulica
Chatterpoint;Limpeza
Myworks;Manutenção Hidráulica
Kwimbee;Manutenção Geral
Flashset;Limpeza
Thoughtmix;Manutenção Hidráulica
Gabvine;Manutenção Hidráulica
Yata;Alimentação
Linklinks;Limpeza
Ozu;Limpeza
Wikido;Limpeza
Aimbu;Segurança
Twinte;Manutenção Hidráulica
Zoomcast;Manutenção Geral
Twitterworks;Alimentação
Mybuzz;Manutenção Elétrica
Skibox;Limpeza
Yamia;Manutenção Elétrica
Buzzbean;Alimentação
Eire;Manutenção Elétrica
Yacero;Alimentação
Wikivu;Limpeza
Topiclounge;Segurança
Skyndu;Manutenção Elétrica
Dazzlesphere;Limpeza
Trilith;Limpeza
Gigashots;Limpeza
Buzzbean;Alimentação
Shuffledrive;Manutenção Elétrica
Yata;Segurança
Flipopia;Limpeza
Rhyloo;Manutenção Elétrica
Gabcube;Manutenção Hidráulica
Quinu;Limpeza
Oodoo;Alimentação
Gevee;Manutenção Elétrica
Youfeed;Segurança
Miboo;Alimentação
Flashdog;Limpeza
Dabjam;Alimentação
Mynte;Limpeza
Jabbersphere;Limpeza
Skiba;Manutenção Elétrica
Digitube;Manutenção Elétrica
Yakidoo;Alimentação
Fatz;Manutenção Geral
Jaxworks;Alimentação
Edgeblab;Limpeza
Ozu;Manutenção Elétrica
Meembee;Segurança
Talane;Segurança
Fivespan;Limpeza
Voolia;Manutenção Geral
Meejo;Limpeza
Edgewire;Segurança
Realmix;Manutenção Elétrica
Vinder;Alimentação
Photolist;Manutenção Geral
Skipfire;Manutenção Geral
Livetube;Alimentação
Thoughtstorm;Manutenção Elétrica
Realcube;Segurança
Thoughtstorm;Alimentação
Twinte;Manutenção Hidráulica
Wikizz;Manutenção Elétrica
Rooxo;Manutenção Geral
Vinte;Alimentação
Voomm;Segurança
Photobug;Alimentação
Quinu;Manutenção Geral
Jetwire;Segurança
Thoughtblab;Limpeza
Meevee;Alimentação
Skyba;Manutenção Geral
Eabox;Limpeza
Zoomlounge;Limpeza
Feedbug;Limpeza
Eazzy;Manutenção Geral
Pixope;Segurança
Pixoboo;Manutenção Hidráulica
Voomm;Alimentação
Twitterwire;Manutenção Geral
Photobug;Limpeza
Kanoodle;Manutenção Elétrica
Jaloo;Alimentação
Dabfeed;Manutenção Geral
Twitterbridge;Segurança
Yakijo;Alimentação
Quamba;Manutenção Hidráulica
Jetpulse;Alimentação
Wordpedia;Manutenção Elétrica
Topicware;Manutenção Elétrica
Babbleset;Manutenção Hidráulica
Realbuzz;Manutenção Elétrica
Vimbo;Segurança
Leenti;Segurança
Jabbercube;Alimentação
Plambee;Limpeza
Wikizz;Segurança
Livepath;Manutenção Geral
Topiclounge;Manutenção Elétrica
Yozio;Limpeza
Fatz;Manutenção Geral
Livetube;Manutenção Hidráulica
Riffpath;Segurança
Zoomcast;Alimentação
Flashpoint;Segurança
Youopia;Manutenção Geral
Babbleblab;Segurança
Agivu;Alimentação
Voonte;Segurança
Youtags;Manutenção Hidráulica
Zoonoodle;Segurança
Flipstorm;Manutenção Elétrica
Camido;Manutenção Hidráulica
Zooveo;Manutenção Geral
Rhynoodle;Alimentação
Eayo;Manutenção Geral
Voomm;Alimentação
Bluezoom;Manutenção Elétrica
Quatz;Limpeza
Jamia;Manutenção Geral
Yacero;Limpeza
Thoughtblab;Manutenção Geral
Roodel;Manutenção Geral
Plambee;Segurança
Vidoo;Limpeza
Oodoo;Segurança
Meevee;Segurança
Skivee;Manutenção Geral
Devshare;Alimentação
Twitterlist;Manutenção Geral
Browsecat;Alimentação
Dabshots;Manutenção Hidráulica
Pixoboo;Limpeza
Bubbletube;Manutenção Geral
Kwimbee;Manutenção Elétrica
Vimbo;Alimentação
Oyope;Segurança
Jaxspan;Manutenção Elétrica
Quatz;Alimentação
Realbuzz;Manutenção Elétrica
Rhycero;Alimentação
Yamia;Alimentação
Trudeo;Manutenção Elétrica
Wikido;Manutenção Hidráulica
Realfire;Manutenção Geral
Kwideo;Manutenção Geral
Skidoo;Alimentação
Edgeify;Manutenção Elétrica
Meembee;Limpeza
Skipfire;Manutenção Hidráulica
Yamia;Alimentação
Rhybox;Alimentação
Trilith;Manutenção Hidráulica
Skinix;Manutenção Hidráulica
Oodoo;Alimentação
Rhynoodle;Manutenção Hidráulica
DabZ;Manutenção Geral
Eidel;Limpeza
Plajo;Alimentação
Photobug;Alimentação
Tagfeed;Manutenção Hidráulica
Kamba;Manutenção Hidráulica
Mydo;Manutenção Geral
Blogpad;Manutenção Hidráulica
Yadel;Manutenção Elétrica
Aibox;Segurança
Topdrive;Manutenção Elétrica
Yakidoo;Manutenção Hidráulica
Kimia;Manutenção Elétrica
Tekfly;Segurança
Wikido;Segurança
Yotz;Manutenção Geral
Blogtags;Manutenção Geral
Brightbean;Limpeza
Topicware;Manutenção Hidráulica
Twimm;Segurança
Eimbee;Manutenção Hidráulica
Topiczoom;Manutenção Elétrica
Thoughtstorm;Manutenção Hidráulica
Meetz;Segurança
Linktype;Manutenção Elétrica
Topicshots;Limpeza
Aimbo;Segurança
Plajo;Limpeza
Rhycero;Limpeza
Tagcat;Alimentação
Meemm;Manutenção Geral
Feedmix;Alimentação
Gigaclub;Limpeza
Innojam;Manutenção Elétrica
Tagtune;Manutenção Elétrica
Kaymbo;Segurança
Linkbuzz;Segurança
Buzzshare;Manutenção Hidráulica
Bubblebox;Segurança
Yotz;Alimentação
Nlounge;Alimentação
Wikido;Manutenção Hidráulica
Divape;Alimentação
Podcat;Manutenção Elétrica
Topiczoom;Manutenção Hidráulica
Nlounge;Limpeza
Kwimbee;Manutenção Elétrica
Mynte;Manutenção Hidráulica
Yadel;Limpeza
Eare;Manutenção Hidráulica
Podcat;Manutenção Elétrica
Dabjam;Manutenção Hidráulica
Jayo;Manutenção Elétrica
Zoomlounge;Manutenção Geral
Tekfly;Limpeza
Yozio;Manutenção Elétrica
Kwilith;Manutenção Elétrica
Youfeed;Manutenção Hidráulica
Riffwire;Limpeza
Katz;Alimentação
Blogpad;Alimentação
Tagpad;Limpeza
Trupe;Manutenção Elétrica
Skidoo;Segurança
Twimbo;Manutenção Elétrica
Oyondu;Manutenção Geral
Fivebridge;Manutenção Geral
Skivee;Manutenção Elétrica
Skidoo;Manutenção Hidráulica
Devbug;Limpeza
Eadel;Manutenção Elétrica
Feedfish;Segurança
Dabshots;Manutenção Hidráulica
Flashset;Limpeza
Kwideo;Manutenção Geral
Buzzster;Segurança
Aivee;Alimentação
Thoughtbeat;Manutenção Hidráulica
Jayo;Manutenção Hidráulica
Eabox;Manutenção Geral
Roombo;Alimentação
Riffpath;Manutenção Hidráulica
Photobug;Manutenção Geral
Meevee;Alimentação
Feedbug;Limpeza
Rhynyx;Manutenção Geral
Thoughtbeat;Manutenção Elétrica
Devcast;Segurança
Wikivu;Manutenção Geral
Cogilith;Alimentação
Gabtype;Limpeza
Gigashots;Manutenção Hidráulica
Thoughtblab;Manutenção Geral
Centidel;Segurança
Podcat;Alimentação
Edgeify;Manutenção Geral
Fatz;Manutenção Hidráulica
Zoovu;Manutenção Hidráulica
Photobug;Manutenção Elétrica
Yodo;Manutenção Elétrica
Skibox;Manutenção Hidráulica
Flipstorm;Segurança
Innojam;Alimentação
Rhynyx;Manutenção Geral
Centidel;Manutenção Elétrica
Babbleopia;Limpeza
Abatz;Manutenção Geral
Lazz;Limpeza
Edgetag;Manutenção Geral
Realbuzz;Manutenção Hidráulica
Meeveo;Manutenção Hidráulica
Zoomlounge;Alimentação
Yambee;Segurança
Oozz;Alimentação
Jayo;Manutenção Elétrica
Skiptube;Manutenção Hidráulica
Thoughtbeat;Manutenção Geral
Voolith;Manutenção Hidráulica
Npath;Manutenção Elétrica
Kaymbo;Manutenção Hidráulica
Gigashots;Segurança
Jaloo;Manutenção Elétrica
Geba;Alimentação
Avamm;Manutenção Elétrica
Yozio;Manutenção Hidráulica
Photobug;Alimentação
Skalith;Manutenção Geral
Vipe;Limpeza
Pixoboo;Manutenção Elétrica
Rhyloo;Manutenção Geral
Ntag;Limpeza
Edgeify;Manutenção Hidráulica
Topicshots;Manutenção Hidráulica
Yabox;Alimentação
Innotype;Alimentação
Yamia;Manutenção Elétrica
Edgeblab;Segurança
Zava;Manutenção Geral
Photolist;Segurança
Mynte;Alimentação
Kamba;Manutenção Elétrica
Eidel;Manutenção Geral
Realblab;Manutenção Elétrica
Mydeo;Manutenção Hidráulica
Voonix;Alimentação
Livetube;Limpeza
Yoveo;Alimentação
Dabtype;Manutenção Elétrica
Vidoo;Manutenção Elétrica
Digitube;Segurança
Twitterwire;Alimentação
Meembee;Manutenção Geral
Eidel;Segurança
Zoozzy;Alimentação
Vinder;Manutenção Elétrica
Zoovu;Manutenção Hidráulica
Meevee;Manutenção Elétrica
Topicstorm;Segurança
Twimbo;Manutenção Elétrica
Bubbletube;Limpeza
Dynabox;Limpeza
Edgetag;Manutenção Hidráulica
Oyope;Alimentação
Dabjam;Manutenção Elétrica
Gigabox;Segurança
Jetwire;Manutenção Elétrica
Quatz;Manutenção Hidráulica
Meeveo;Manutenção Elétrica
Thoughtmix;Manutenção Hidráulica
Thoughtbridge;Alimentação
Twinte;Segurança
Camimbo;Manutenção Elétrica
Yakitri;Manutenção Hidráulica
Izio;Alimentação
Thoughtmix;Manutenção Hidráulica
Skiptube;Manutenção Geral
Yacero;Manutenção Geral
Fatz;Segurança
Skiptube;Segurança
Jatri;Manutenção Hidráulica
Zooxo;Manutenção Elétrica
Photobug;Alimentação
Thoughtstorm;Segurança
Edgepulse;Alimentação
Browsecat;Manutenção Elétrica
Livetube;Segurança
Devshare;Alimentação
Wordtune;Segurança
Babbleopia;Manutenção Elétrica
Mynte;Limpeza
Skajo;Manutenção Hidráulica
Mudo;Limpeza
Talane;Manutenção Hidráulica
Thoughtbeat;Manutenção Elétrica
Zoonder;Segurança
Twinder;Manutenção Geral
Demizz;Manutenção Hidráulica
Zoonder;Segurança
Skalith;Limpeza
Photojam;Alimentação
Reallinks;Segurança
Zooveo;Manutenção Hidráulica
Jaloo;Limpeza
Skyble;Alimentação
Jaxnation;Manutenção Elétrica
Voolia;Limpeza
Voomm;Manutenção Geral
Zoonoodle;Alimentação
Zoombeat;Alimentação
Talane;Manutenção Hidráulica
Shuffletag;Manutenção Hidráulica
Devpulse;Segurança
Photolist;Manutenção Hidráulica
Devpulse;Segurança
Dabvine;Manutenção Elétrica
Devshare;Manutenção Elétrica
Edgetag;Alimentação
Yamia;Alimentação
Myworks;Manutenção Elétrica
Vimbo;Limpeza
Centidel;Limpeza
Kayveo;Alimentação
Trudeo;Segurança
Janyx;Segurança
Camimbo;Alimentação
Meetz;Limpeza
Wordpedia;Manutenção Geral
